{"roc_auc": 0.9983430612654032, "report": {"Normal": {"precision": 0.9999781683222355, "recall": 0.9949478584965942, "f1-score": 0.9974566713153719, "support": 552439.0}, "Fraud": {"precision": 0.36883763003165987, "recall": 0.992696287279367, "f1-score": 0.5378400659521847, "support": 1643.0}, "accuracy": 0.9949411819911133, "macro avg": {"precision": 0.6844078991769477, "recall": 0.9938220728879805, "f1-score": 0.7676483686337783, "support": 554082.0}, "weighted avg": {"precision": 0.998106669330369, "recall": 0.9949411819911133, "f1-score": 0.9960937862503242, "support": 554082.0}}, "confusion_matrix": [[549648, 2791], [12, 1631]], "feature_names": ["amount", "oldbalanceOrg", "newbalanceOrig", "oldbalanceDest", "newbalanceDest", "errorBalanceOrig", "errorBalanceDest", "balanceDropRatio", "isLargeTransaction", "zeroBalanceAfter", "destBalanceIncrease", "type_encoded"], "total_test": 554082, "fraud_caught": 1631, "fraud_missed": 12}