{"accuracy": [0.987576425075531, 0.9922975301742554, 0.993450939655304, 0.9937475919723511, 0.9942940473556519, 0.9949154257774353, 0.9964843392372131, 0.9966322779655457, 0.9965906739234924], "auc": [0.998096764087677, 0.9988327622413635, 0.998989999294281, 0.9990792274475098, 0.9991704225540161, 0.9992720484733582, 0.9994503855705261, 0.9994875192642212, 0.9994863867759705], "loss": [0.03794147074222565, 0.024951791390776634, 0.02176670916378498, 0.02072698250412941, 0.018980270251631737, 0.017186293378472328, 0.01247855182737112, 0.011957499198615551, 0.01206407230347395], "precision": [0.9797728061676025, 0.9860577583312988, 0.9879611134529114, 0.9885915517807007, 0.9896180033683777, 0.9907344579696655, 0.9935479760169983, 0.9937924146652222, 0.9937026500701904], "recall": [0.9872519969940186, 0.9935075640678406, 0.9946562647819519, 0.9948071241378784, 0.9952249526977539, 0.9957537055015564, 0.9970999956130981, 0.9972485899925232, 0.99722820520401], "val_accuracy": [0.9947392344474792, 0.9977949857711792, 0.9975664615631104, 0.9980756044387817, 0.9977282285690308, 0.998405933380127, 0.993532121181488, 0.9988686442375183, 0.994929313659668], "val_auc": [0.0, 0.0, 0.0, 0.0, 0.0, 0.0, 0.0, 0.0, 0.0], "val_loss": [0.028620287775993347, 0.012784257531166077, 0.01636657305061817, 0.018394235521554947, 0.017684197053313255, 0.01345042698085308, 0.028262868523597717, 0.007969624362885952, 0.0333423875272274], "val_precision": [1.0, 1.0, 1.0, 1.0, 1.0, 1.0, 1.0, 1.0, 1.0], "val_recall": [0.9947392344474792, 0.9977949857711792, 0.9975664615631104, 0.9980756044387817, 0.9977282285690308, 0.998405933380127, 0.993532121181488, 0.9988686442375183, 0.994929313659668], "learning_rate": [0.0010000000474974513, 0.0010000000474974513, 0.0010000000474974513, 0.0010000000474974513, 0.0010000000474974513, 0.0010000000474974513, 0.0005000000237487257, 0.0005000000237487257, 0.0005000000237487257]}